{"orbCount":2,"orbGroupData":[{"orbGroupId":0,"name":"OrbGroup0","orbCount":1,"rate":11999.9892578125,"life":6.900002479553223,"colorR":0.9999959468841553,"colorG":0.33911797404289248,"colorB":0.33911797404289248,"colorIntensity":3,"alpha":1.0,"size":26.499998092651368,"drag":1.0625814199447632,"velocityDrag":0.5640000104904175,"noisyDrag":0.0,"noisyDragFrequency":0.8200000524520874,"staticParticle":false,"stationaryTransparent":true,"stationaryMaxSpeed":0.029999999329447748,"emitterShapeIndex":0,"emitterPlacementMode":0,"emitterPositionX":0.0,"emitterPositionY":0.0,"emitterPositionZ":0.0,"emitterOrientationX":90.0,"emitterOrientationY":0.0,"emitterOrientationZ":0.0,"emitterSize":4.750000476837158,"emitterSizeOffset":0.0,"emitFromInside":true,"activateCollision":false,"showMesh":false},{"orbGroupId":1,"name":"OrbGroup1","orbCount":0,"rate":4999.99951171875,"life":25.5,"colorR":1.0,"colorG":0.7451005578041077,"colorB":5.885453550164232e-44,"colorIntensity":3,"alpha":0.10000002384185791,"size":15.759150505065918,"drag":1.0625814199447632,"velocityDrag":1.0,"noisyDrag":0.0,"noisyDragFrequency":0.8200000524520874,"staticParticle":false,"stationaryTransparent":false,"stationaryMaxSpeed":0.0,"emitterShapeIndex":7,"emitterPlacementMode":0,"emitterPositionX":0.0,"emitterPositionY":0.0,"emitterPositionZ":0.0,"emitterOrientationX":90.0,"emitterOrientationY":0.0,"emitterOrientationZ":0.0,"emitterSize":6.0,"emitterSizeOffset":0.21599999070167542,"emitFromInside":false,"activateCollision":false,"showMesh":false}],"orbGroupControllersData":[{"idControlled":0,"name":"Orb A","colorSmooth":0.2222222238779068},{"idControlled":1,"name":"Orb B","colorSmooth":0.31111106276512148}],"balletMngrData":{"orbsPatternData":[{"id":0,"dancerCount":1,"patternType":0,"position":{"x":0.0,"y":0.0,"z":0.0},"rotation":{"x":0.0,"y":11.10000228881836,"z":0.0},"size":4.366017818450928,"speed":1.0,"lerpDuration":0.009999999776482582,"phase":0.0,"sizeLFOFrequency":0.17142857611179353,"sizeLFOAmplitude":0.0},{"id":1,"dancerCount":0,"patternType":0,"position":{"x":0.0,"y":0.0,"z":0.0},"rotation":{"x":0.0,"y":0.0,"z":0.0},"size":3.1988472938537599,"speed":1.0,"lerpDuration":0.009999999776482582,"phase":0.0,"sizeLFOFrequency":0.17142857611179353,"sizeLFOAmplitude":0.0}],"forcePatternData":[{"id":0,"dancerCount":1,"patternType":1,"position":{"x":0.0,"y":0.0,"z":0.0},"rotation":{"x":90.0,"y":0.0,"z":0.0},"size":1.0,"speed":1.0,"lerpDuration":0.009999999776482582,"phase":0.0,"sizeLFOFrequency":0.0,"sizeLFOAmplitude":0.0},{"id":1,"dancerCount":2,"patternType":1,"position":{"x":0.0,"y":0.0,"z":0.0},"rotation":{"x":0.0,"y":0.0,"z":0.0},"size":2.2666664123535158,"speed":0.0,"lerpDuration":0.009999999776482582,"phase":0.0,"sizeLFOFrequency":0.0,"sizeLFOAmplitude":0.0},{"id":2,"dancerCount":1,"patternType":1,"position":{"x":0.0,"y":0.0,"z":0.0},"rotation":{"x":0.0,"y":0.0,"z":0.0},"size":1.0,"speed":1.0,"lerpDuration":0.009999999776482582,"phase":0.0,"sizeLFOFrequency":0.0,"sizeLFOAmplitude":0.0},{"id":3,"dancerCount":1,"patternType":1,"position":{"x":-0.24115319550037385,"y":0.3235541880130768,"z":0.0},"rotation":{"x":0.0,"y":0.0,"z":0.0},"size":1.0,"speed":1.0,"lerpDuration":0.009999999776482582,"phase":0.0,"sizeLFOFrequency":0.0,"sizeLFOAmplitude":0.0},{"id":4,"dancerCount":1,"patternType":1,"position":{"x":0.0,"y":0.0,"z":0.0},"rotation":{"x":0.0,"y":0.0,"z":0.0},"size":1.0,"speed":1.0,"lerpDuration":0.009999999776482582,"phase":0.0,"sizeLFOFrequency":0.0,"sizeLFOAmplitude":0.0},{"id":5,"dancerCount":1,"patternType":1,"position":{"x":1.3365000486373902,"y":-0.9507948160171509,"z":0.0},"rotation":{"x":0.0,"y":0.0,"z":0.0},"size":1.0,"speed":1.0,"lerpDuration":0.009999999776482582,"phase":0.0,"sizeLFOFrequency":0.0,"sizeLFOAmplitude":0.0},{"id":6,"dancerCount":1,"patternType":0,"position":{"x":0.0,"y":0.0,"z":0.0},"rotation":{"x":0.0,"y":0.0,"z":0.0},"size":5.156695365905762,"speed":0.2999999523162842,"lerpDuration":0.009999999776482582,"phase":0.0,"sizeLFOFrequency":0.0,"sizeLFOAmplitude":0.0},{"id":7,"dancerCount":1,"patternType":1,"position":{"x":0.7223283052444458,"y":-1.0397039651870728,"z":0.0},"rotation":{"x":0.0,"y":0.0,"z":90.0},"size":1.0,"speed":1.0,"lerpDuration":0.009999999776482582,"phase":0.0,"sizeLFOFrequency":0.0,"sizeLFOAmplitude":0.0},{"id":8,"dancerCount":1,"patternType":1,"position":{"x":0.07200008630752564,"y":0.0,"z":0.0},"rotation":{"x":0.0,"y":0.0,"z":0.0},"size":1.0,"speed":1.0,"lerpDuration":0.009999999776482582,"phase":0.0,"sizeLFOFrequency":0.0,"sizeLFOAmplitude":0.0}]},"forceControllerData":[{"forceID":0,"key":"Turb","forceCount":1,"intensity":0.0,"radius":0.9619019627571106,"axis":{"x":0.0,"y":1.0,"z":0.0}},{"forceID":0,"key":"Vortex","forceCount":2,"intensity":1.0,"radius":0.9929651618003845,"axis":{"x":0.0,"y":0.8000000715255737,"z":0.0}},{"forceID":0,"key":"Gravity","forceCount":1,"intensity":0.0,"radius":0.5737147927284241,"axis":{"x":0.9000000953674316,"y":0.0,"z":0.0}},{"forceID":0,"key":"Perlin","forceCount":1,"intensity":0.0,"radius":9.841653823852539,"axis":{"x":0.0,"y":0.0,"z":0.0}},{"forceID":0,"key":"Attractor","forceCount":1,"intensity":0.0,"radius":5.650701522827148,"axis":{"x":0.0,"y":0.0,"z":0.0}},{"forceID":0,"key":"Spiral","forceCount":1,"intensity":0.0,"radius":0.7350478172302246,"axis":{"x":0.0,"y":-1.100000023841858,"z":0.0}},{"forceID":0,"key":"Swirl","forceCount":1,"intensity":0.0,"radius":3.0445449352264406,"axis":{"x":0.0,"y":0.0,"z":0.8000000715255737}},{"forceID":0,"key":"Axial","forceCount":1,"intensity":0.0,"radius":0.3641795217990875,"axis":{"x":0.0,"y":0.9000000953674316,"z":0.0}},{"forceID":0,"key":"Tornado","forceCount":1,"intensity":0.0,"radius":8.378792762756348,"axis":{"x":0.0,"y":1.0000001192092896,"z":0.0}}],"cameraControllerData":{"renderMainWindow":false,"fov":35.00261306762695,"followZOffset":8.08745288848877,"resetDuration":1.2910337448120118,"cameraType":0,"showXWing":false,"cameraTransitionDuration":14.333333015441895,"cameraNoiseGain":0.0,"cameraNoiseFrequency":0.0},"orbitalMovementData":{"positionTarget":{"x":0.0,"y":0.0,"z":0.0},"moveToDuration":6.887994289398193},"spaceshipMovementData":{"thrust":31.666645050048829,"yawTorque":30.000003814697267,"pitchTorque":30.00000762939453,"rollTorque":30.000003814697267,"directionnalDrag":0.8750000596046448,"angularDrag":0.0,"manualControl":false,"cameraPosition":{"x":0.0,"y":0.0,"z":0.0},"cameraRotation":{"x":0.0,"y":0.0,"z":0.0}}}