{"orbCount":3,"orbGroupData":[{"orbGroupId":0,"name":"OrbGroup0","orbCount":1,"rate":19.999431610107423,"life":57.690582275390628,"colorR":0.9999542832374573,"colorG":0.9999542832374573,"colorB":0.9999544620513916,"colorIntensity":3,"alpha":1.0,"size":41.07698440551758,"drag":0.0,"velocityDrag":0.4480000138282776,"noisyDrag":1.3974578380584717,"noisyDragFrequency":0.9000000357627869,"staticParticle":true,"stationaryTransparent":false,"stationaryMaxSpeed":0.0,"emitterShapeIndex":0,"emitterPlacementMode":0,"emitterPositionX":0.0,"emitterPositionY":0.0,"emitterPositionZ":0.0,"emitterOrientationX":0.0,"emitterOrientationY":0.0,"emitterOrientationZ":90.0,"emitterSize":49.99867248535156,"emitterSizeOffset":0.0,"emitFromInside":false,"activateCollision":false,"showMesh":false},{"orbGroupId":1,"name":"OrbGroup1","orbCount":1,"rate":21939.9140625,"life":25.217378616333009,"colorR":0.5843231678009033,"colorG":0.003921642433851957,"colorB":0.9999905824661255,"colorIntensity":4,"alpha":0.16999998688697816,"size":20.632165908813478,"drag":1.4984244108200074,"velocityDrag":0.4480000138282776,"noisyDrag":0.0,"noisyDragFrequency":0.9000000357627869,"staticParticle":false,"stationaryTransparent":false,"stationaryMaxSpeed":0.0,"emitterShapeIndex":1,"emitterPlacementMode":0,"emitterPositionX":0.0,"emitterPositionY":0.0,"emitterPositionZ":0.0,"emitterOrientationX":0.0,"emitterOrientationY":0.0,"emitterOrientationZ":0.0,"emitterSize":13.906794548034668,"emitterSizeOffset":0.3199999928474426,"emitFromInside":true,"activateCollision":false,"showMesh":false},{"orbGroupId":2,"name":"OrbGroup2","orbCount":1,"rate":21939.859375,"life":25.21736717224121,"colorR":0.031372565776109698,"colorG":0.6627448797225952,"colorB":0.9999997615814209,"colorIntensity":4,"alpha":0.16999998688697816,"size":20.632165908813478,"drag":1.4984244108200074,"velocityDrag":0.4959999918937683,"noisyDrag":0.0,"noisyDragFrequency":0.8600000143051148,"staticParticle":false,"stationaryTransparent":false,"stationaryMaxSpeed":0.0,"emitterShapeIndex":1,"emitterPlacementMode":0,"emitterPositionX":0.0,"emitterPositionY":0.0,"emitterPositionZ":0.0,"emitterOrientationX":0.0,"emitterOrientationY":0.0,"emitterOrientationZ":0.0,"emitterSize":13.906784057617188,"emitterSizeOffset":0.0,"emitFromInside":true,"activateCollision":false,"showMesh":false}],"orbGroupControllersData":[{"idControlled":1,"name":"Orb A","colorSmooth":0.6111111640930176},{"idControlled":2,"name":"Orb B","colorSmooth":10.0}],"balletMngrData":{"orbsPatternData":[{"id":0,"dancerCount":1,"patternType":0,"position":{"x":0.0,"y":0.0,"z":0.0},"rotation":{"x":0.0,"y":0.0,"z":0.0},"size":3.9629628658294679,"speed":0.4296296238899231,"lerpDuration":7.999999523162842,"phase":0.0,"sizeLFOFrequency":0.0,"sizeLFOAmplitude":0.0,"manualPositions":[{"x":0.0,"y":0.0,"z":0.0}]},{"id":1,"dancerCount":1,"patternType":0,"position":{"x":0.0,"y":0.0,"z":0.0},"rotation":{"x":0.0,"y":0.0,"z":0.0},"size":3.9629628658294679,"speed":0.4296296238899231,"lerpDuration":7.999999523162842,"phase":0.0,"sizeLFOFrequency":0.17142857611179353,"sizeLFOAmplitude":0.0,"manualPositions":[{"x":0.0,"y":0.0,"z":0.0}]},{"id":2,"dancerCount":1,"patternType":0,"position":{"x":0.0,"y":0.0,"z":0.0},"rotation":{"x":0.0,"y":0.0,"z":0.0},"size":3.353353977203369,"speed":0.4933260977268219,"lerpDuration":4.581428527832031,"phase":0.0,"sizeLFOFrequency":0.17142857611179353,"sizeLFOAmplitude":0.0,"manualPositions":[{"x":0.0,"y":0.0,"z":0.0}]}],"forcePatternData":[{"id":0,"dancerCount":1,"patternType":1,"position":{"x":0.0,"y":0.0,"z":0.0},"rotation":{"x":90.0,"y":0.0,"z":0.0},"size":1.0,"speed":1.0,"lerpDuration":0.0,"phase":0.0,"sizeLFOFrequency":0.0,"sizeLFOAmplitude":0.0,"manualPositions":[{"x":0.0,"y":0.0,"z":0.0}]},{"id":1,"dancerCount":1,"patternType":0,"position":{"x":0.0,"y":0.0,"z":0.0},"rotation":{"x":90.0,"y":0.0,"z":0.0},"size":2.066666603088379,"speed":2.799999952316284,"lerpDuration":10.800000190734864,"phase":0.0,"sizeLFOFrequency":0.0,"sizeLFOAmplitude":0.0,"manualPositions":[{"x":0.0,"y":0.0,"z":0.0}]},{"id":2,"dancerCount":1,"patternType":1,"position":{"x":0.0,"y":0.0,"z":0.0},"rotation":{"x":0.0,"y":0.0,"z":0.0},"size":1.3333333730697632,"speed":1.0,"lerpDuration":0.0,"phase":0.0,"sizeLFOFrequency":0.0,"sizeLFOAmplitude":0.0,"manualPositions":[{"x":0.0,"y":0.0,"z":0.0}]},{"id":3,"dancerCount":1,"patternType":1,"position":{"x":0.0,"y":0.0,"z":0.0},"rotation":{"x":0.0,"y":0.0,"z":0.0},"size":1.0,"speed":1.0,"lerpDuration":0.0,"phase":0.0,"sizeLFOFrequency":0.0,"sizeLFOAmplitude":0.0,"manualPositions":[{"x":0.0,"y":0.0,"z":0.0}]},{"id":4,"dancerCount":1,"patternType":0,"position":{"x":0.0,"y":0.0,"z":0.0},"rotation":{"x":0.0,"y":0.0,"z":0.0},"size":3.7333333492279054,"speed":0.0,"lerpDuration":7.599999904632568,"phase":0.0,"sizeLFOFrequency":0.0,"sizeLFOAmplitude":0.0,"manualPositions":[{"x":0.0,"y":0.0,"z":0.0}]},{"id":5,"dancerCount":1,"patternType":0,"position":{"x":0.0,"y":-0.4000000059604645,"z":0.0},"rotation":{"x":0.0,"y":0.0,"z":0.0},"size":1.6666667461395264,"speed":2.0,"lerpDuration":9.333333015441895,"phase":0.0,"sizeLFOFrequency":0.0,"sizeLFOAmplitude":0.0,"manualPositions":[{"x":0.0,"y":0.0,"z":0.0}]},{"id":6,"dancerCount":1,"patternType":0,"position":{"x":0.0,"y":0.0,"z":0.0},"rotation":{"x":0.0,"y":0.0,"z":0.0},"size":3.6666667461395265,"speed":1.600000262260437,"lerpDuration":10.933332443237305,"phase":0.0,"sizeLFOFrequency":0.0,"sizeLFOAmplitude":0.0,"manualPositions":[{"x":0.0,"y":0.0,"z":0.0}]},{"id":7,"dancerCount":1,"patternType":1,"position":{"x":0.0,"y":0.0,"z":0.0},"rotation":{"x":0.0,"y":0.0,"z":90.0},"size":1.0,"speed":1.0,"lerpDuration":5.866666316986084,"phase":0.0,"sizeLFOFrequency":0.0,"sizeLFOAmplitude":0.0,"manualPositions":[{"x":0.0,"y":0.0,"z":0.0}]},{"id":8,"dancerCount":1,"patternType":0,"position":{"x":0.0,"y":0.0,"z":0.0},"rotation":{"x":0.0,"y":0.0,"z":0.0},"size":1.0,"speed":1.0,"lerpDuration":0.0,"phase":0.0,"sizeLFOFrequency":0.0,"sizeLFOAmplitude":0.0,"manualPositions":[{"x":0.0,"y":0.0,"z":0.0}]}]},"forceControllerData":[{"forceID":0,"key":"Turb","forceCount":1,"intensity":0.0,"radius":3.210930347442627,"axis":{"x":0.0,"y":1.0,"z":0.0}},{"forceID":0,"key":"Vortex","forceCount":1,"intensity":0.0,"radius":3.210930347442627,"axis":{"x":0.0,"y":0.0,"z":1.0}},{"forceID":0,"key":"Gravity","forceCount":1,"intensity":0.0,"radius":15.0,"axis":{"x":0.0,"y":0.0,"z":-1.0}},{"forceID":0,"key":"Perlin","forceCount":1,"intensity":0.0,"radius":15.0,"axis":{"x":0.0,"y":0.0,"z":0.0}},{"forceID":0,"key":"Attractor","forceCount":1,"intensity":0.0,"radius":15.0,"axis":{"x":0.0,"y":0.0,"z":0.0}},{"forceID":0,"key":"Spiral","forceCount":1,"intensity":1.1728975772857667,"radius":15.0,"axis":{"x":0.0,"y":1.0,"z":0.0}},{"forceID":0,"key":"Swirl","forceCount":1,"intensity":0.0,"radius":3.210930347442627,"axis":{"x":0.0,"y":0.0,"z":0.7000000476837158}},{"forceID":0,"key":"Axial","forceCount":1,"intensity":0.0,"radius":0.0,"axis":{"x":0.0,"y":0.7000000476837158,"z":0.0}},{"forceID":0,"key":"Tornado","forceCount":1,"intensity":0.0,"radius":4.704543590545654,"axis":{"x":0.0,"y":0.0,"z":1.3000001907348633}}],"cameraControllerData":{"renderMainWindow":true,"fov":76.00016021728516,"followZOffset":12.73735237121582,"resetDuration":24.784000396728517,"cameraType":0,"showXWing":false,"cameraTransitionDuration":12.933332443237305,"cameraNoiseGain":0.0,"cameraNoiseFrequency":2.8740158081054689},"orbitalMovementData":{"positionTarget":{"x":0.0,"y":0.0,"z":0.0},"moveToDuration":37.09499740600586},"spaceshipMovementData":{"thrust":31.666645050048829,"yawTorque":30.000003814697267,"pitchTorque":30.00000762939453,"rollTorque":30.000003814697267,"directionnalDrag":0.8750000596046448,"angularDrag":1.625,"manualControl":false,"cameraPosition":{"x":0.0,"y":0.0,"z":0.0},"cameraRotation":{"x":0.0,"y":0.0,"z":0.0}}}