{"orbCount":2,"orbGroupData":[{"orbGroupId":0,"name":"OrbGroup0","orbCount":3,"rate":38368.90625,"life":23.889434814453126,"colorR":0.9999997615814209,"colorG":0.9999997615814209,"colorB":0.9999997615814209,"colorIntensity":2,"alpha":0.29499372839927676,"size":9.766672134399414,"drag":1.2002276182174683,"velocityDrag":0.0560000017285347,"noisyDrag":0.0,"noisyDragFrequency":1.940000057220459,"staticParticle":false,"stationaryTransparent":false,"stationaryMaxSpeed":0.0,"emitterShapeIndex":7,"emitterPlacementMode":0,"emitterPositionX":0.0,"emitterPositionY":0.0,"emitterPositionZ":0.0,"emitterOrientationX":0.0,"emitterOrientationY":0.0,"emitterOrientationZ":0.0,"emitterSize":8.399153709411621,"emitterSizeOffset":0.335999995470047,"emitFromInside":true,"activateCollision":false,"showMesh":false},{"orbGroupId":1,"name":"OrbGroup1","orbCount":1,"rate":0.0,"life":23.889434814453126,"colorR":0.9999986886978149,"colorG":3.0828566215145976e-44,"colorB":3.0828566215145976e-44,"colorIntensity":2,"alpha":0.29499372839927676,"size":9.766672134399414,"drag":1.2002276182174683,"velocityDrag":0.5,"noisyDrag":0.0,"noisyDragFrequency":0.8200000524520874,"staticParticle":false,"stationaryTransparent":true,"stationaryMaxSpeed":0.2108607292175293,"emitterShapeIndex":1,"emitterPlacementMode":0,"emitterPositionX":0.0,"emitterPositionY":0.0,"emitterPositionZ":0.0,"emitterOrientationX":90.0,"emitterOrientationY":0.0,"emitterOrientationZ":0.0,"emitterSize":8.767027854919434,"emitterSizeOffset":0.21599999070167542,"emitFromInside":false,"activateCollision":false,"showMesh":false}],"orbGroupControllersData":[{"idControlled":1,"name":"Orb A","colorSmooth":0.2222222238779068},{"idControlled":0,"name":"Orb B","colorSmooth":1.0333333015441895}],"balletMngrData":{"orbsPatternData":[{"id":0,"dancerCount":3,"patternType":0,"position":{"x":0.0,"y":0.0,"z":0.0},"rotation":{"x":0.0,"y":0.0,"z":0.0},"size":4.366017818450928,"speed":30.0,"lerpDuration":0.009999999776482582,"phase":0.0,"sizeLFOFrequency":0.0,"sizeLFOAmplitude":0.0,"verticalOffset":0.0,"LFOFrequency":0.0,"noiseAmplitude":0.0,"noiseSpeed":0.0},{"id":1,"dancerCount":1,"patternType":0,"position":{"x":0.0,"y":0.0,"z":0.0},"rotation":{"x":0.0,"y":11.100000381469727,"z":0.0},"size":3.1988472938537599,"speed":1.0368140935897828,"lerpDuration":0.009999999776482582,"phase":0.0,"sizeLFOFrequency":0.17142857611179353,"sizeLFOAmplitude":0.0,"verticalOffset":0.0,"LFOFrequency":0.0,"noiseAmplitude":0.0,"noiseSpeed":0.0}],"forcePatternData":[{"id":0,"dancerCount":1,"patternType":1,"position":{"x":0.0,"y":0.0,"z":0.0},"rotation":{"x":90.0,"y":0.0,"z":0.0},"size":2.2554781436920168,"speed":1.0,"lerpDuration":0.009999999776482582,"phase":0.0,"sizeLFOFrequency":0.0,"sizeLFOAmplitude":0.0,"verticalOffset":0.0,"LFOFrequency":0.0,"noiseAmplitude":0.0,"noiseSpeed":0.0},{"id":1,"dancerCount":1,"patternType":0,"position":{"x":0.20000001788139344,"y":0.0,"z":0.0},"rotation":{"x":90.0,"y":0.0,"z":0.0},"size":2.2666664123535158,"speed":1.399999737739563,"lerpDuration":6.266667366027832,"phase":0.0,"sizeLFOFrequency":0.0,"sizeLFOAmplitude":0.0,"verticalOffset":0.0,"LFOFrequency":0.0,"noiseAmplitude":0.0,"noiseSpeed":0.0},{"id":2,"dancerCount":1,"patternType":1,"position":{"x":0.0,"y":0.0,"z":0.0},"rotation":{"x":0.0,"y":0.0,"z":0.0},"size":1.0,"speed":1.0,"lerpDuration":3.6100001335144045,"phase":0.0,"sizeLFOFrequency":0.0,"sizeLFOAmplitude":0.0,"verticalOffset":0.0,"LFOFrequency":0.0,"noiseAmplitude":0.0,"noiseSpeed":0.0},{"id":3,"dancerCount":1,"patternType":0,"position":{"x":0.0,"y":0.0,"z":0.0},"rotation":{"x":0.0,"y":0.0,"z":0.0},"size":2.133333921432495,"speed":0.0,"lerpDuration":1.8666666746139527,"phase":0.0,"sizeLFOFrequency":0.0,"sizeLFOAmplitude":0.0,"verticalOffset":0.0,"LFOFrequency":0.0,"noiseAmplitude":0.0,"noiseSpeed":0.0},{"id":4,"dancerCount":1,"patternType":0,"position":{"x":0.0,"y":0.0,"z":0.0},"rotation":{"x":0.0,"y":0.0,"z":0.0},"size":1.8666666746139527,"speed":1.8000000715255738,"lerpDuration":4.409999847412109,"phase":0.0,"sizeLFOFrequency":0.0,"sizeLFOAmplitude":0.0,"verticalOffset":0.0,"LFOFrequency":0.0,"noiseAmplitude":0.0,"noiseSpeed":0.0},{"id":5,"dancerCount":1,"patternType":1,"position":{"x":0.0,"y":0.0,"z":0.0},"rotation":{"x":0.0,"y":0.0,"z":0.0},"size":1.0,"speed":1.0,"lerpDuration":2.2766666412353517,"phase":0.0,"sizeLFOFrequency":0.0,"sizeLFOAmplitude":0.0,"verticalOffset":0.0,"LFOFrequency":0.0,"noiseAmplitude":0.0,"noiseSpeed":0.0},{"id":6,"dancerCount":1,"patternType":0,"position":{"x":0.0,"y":0.0,"z":0.0},"rotation":{"x":0.0,"y":0.0,"z":0.0},"size":4.1333327293396,"speed":4.799999713897705,"lerpDuration":4.809999942779541,"phase":0.0,"sizeLFOFrequency":0.0,"sizeLFOAmplitude":0.0,"verticalOffset":0.0,"LFOFrequency":0.0,"noiseAmplitude":0.0,"noiseSpeed":0.0},{"id":7,"dancerCount":1,"patternType":1,"position":{"x":0.0,"y":0.0,"z":0.0},"rotation":{"x":0.0,"y":0.0,"z":90.0},"size":2.200000047683716,"speed":1.399999976158142,"lerpDuration":4.799999713897705,"phase":0.0,"sizeLFOFrequency":0.0,"sizeLFOAmplitude":0.0,"verticalOffset":0.0,"LFOFrequency":0.0,"noiseAmplitude":0.0,"noiseSpeed":0.0},{"id":8,"dancerCount":1,"patternType":0,"position":{"x":0.07200009375810623,"y":0.0,"z":0.0},"rotation":{"x":0.0,"y":0.0,"z":0.0},"size":1.0,"speed":1.0,"lerpDuration":0.009999999776482582,"phase":0.0,"sizeLFOFrequency":0.0,"sizeLFOAmplitude":0.0,"verticalOffset":0.0,"LFOFrequency":0.0,"noiseAmplitude":0.0,"noiseSpeed":0.0}]},"forceControllerData":[{"forceID":0,"key":"Turb","forceCount":1,"intensity":0.3700787425041199,"radius":15.0,"axis":{"x":0.0,"y":1.0,"z":0.0}},{"forceID":0,"key":"Vortex","forceCount":1,"intensity":0.0,"radius":1.6054651737213135,"axis":{"x":0.7999999523162842,"y":0.0,"z":0.0}},{"forceID":0,"key":"Gravity","forceCount":1,"intensity":0.000034232158213853836,"radius":15.0,"axis":{"x":-1.0,"y":0.0,"z":0.0}},{"forceID":0,"key":"Perlin","forceCount":1,"intensity":0.00007780967280268669,"radius":9.841653823852539,"axis":{"x":0.0,"y":0.0,"z":0.0}},{"forceID":0,"key":"Attractor","forceCount":1,"intensity":0.0,"radius":15.0,"axis":{"x":0.0,"y":0.0,"z":0.0}},{"forceID":0,"key":"Spiral","forceCount":1,"intensity":0.0,"radius":0.0,"axis":{"x":0.0,"y":-1.100000023841858,"z":0.0}},{"forceID":0,"key":"Swirl","forceCount":1,"intensity":0.25984251499176028,"radius":2.431309223175049,"axis":{"x":0.0,"y":0.0,"z":0.8000000715255737}},{"forceID":0,"key":"Axial","forceCount":1,"intensity":0.0,"radius":0.3641795217990875,"axis":{"x":0.0,"y":0.9000000953674316,"z":0.0}},{"forceID":0,"key":"Tornado","forceCount":1,"intensity":0.0,"radius":8.378792762756348,"axis":{"x":0.0,"y":1.0000001192092896,"z":0.0}}],"cameraControllerData":{"renderMainWindow":true,"fov":39.82857894897461,"followZOffset":11.300048828125,"resetDuration":1.2910337448120118,"cameraType":0,"showXWing":false,"cameraTransitionDuration":14.333333015441895,"cameraNoiseGain":0.0,"cameraNoiseFrequency":4.685039520263672},"orbitalMovementData":{"positionTarget":{"x":-0.4444446563720703,"y":-1.752577304840088,"z":0.0},"moveToDuration":6.887994289398193},"spaceshipMovementData":{"thrust":31.666645050048829,"yawTorque":30.000003814697267,"pitchTorque":30.00000762939453,"rollTorque":30.000003814697267,"directionnalDrag":0.8750000596046448,"angularDrag":1.5,"manualControl":true,"cameraPosition":{"x":-0.06800425052642822,"y":-0.9299989938735962,"z":-4.400000095367432},"cameraRotation":{"x":-2.900012969970703,"y":1.639127766850379e-8,"z":0.0}}}