{"orbCount":5,"orbGroupData":[{"orbGroupId":0,"name":"OrbGroup0","orbCount":5,"rate":0.0,"life":4.2712860107421879,"colorR":0.9999993443489075,"colorG":0.9999993443489075,"colorB":0.9999993443489075,"colorIntensity":4,"alpha":0.07413480430841446,"size":10.203452110290528,"drag":1.3132145404815674,"velocityDrag":0.5539999604225159,"noisyDrag":0.0,"noisyDragFrequency":0.5999999642372131,"staticParticle":false,"stationaryTransparent":false,"stationaryMaxSpeed":0.0,"emitterShapeIndex":10,"emitterPlacementMode":0,"emitterPositionX":0.0,"emitterPositionY":0.0,"emitterPositionZ":0.0,"emitterOrientationX":0.0,"emitterOrientationY":0.0,"emitterOrientationZ":0.0,"emitterSize":0.7500002980232239,"emitterSizeOffset":0.0,"emitFromInside":false,"activateCollision":false,"showMesh":false},{"orbGroupId":1,"name":"OrbGroup1","orbCount":1,"rate":0.0,"life":29.575849533081056,"colorR":0.9999995827674866,"colorG":0.9999995827674866,"colorB":0.9999995827674866,"colorIntensity":6,"alpha":0.011810798197984696,"size":18.594005584716798,"drag":1.3132145404815674,"velocityDrag":0.8189999461174011,"noisyDrag":0.0,"noisyDragFrequency":0.9000000357627869,"staticParticle":false,"stationaryTransparent":true,"stationaryMaxSpeed":0.29999998211860659,"emitterShapeIndex":1,"emitterPlacementMode":0,"emitterPositionX":0.0,"emitterPositionY":0.0,"emitterPositionZ":0.0,"emitterOrientationX":0.0,"emitterOrientationY":0.0,"emitterOrientationZ":0.0,"emitterSize":0.5663551688194275,"emitterSizeOffset":0.0,"emitFromInside":false,"activateCollision":false,"showMesh":false},{"orbGroupId":2,"name":"OrbGroup2","orbCount":1,"rate":0.5503481030464172,"life":11.82552433013916,"colorR":0.9999995827674866,"colorG":0.9999995827674866,"colorB":0.9999995827674866,"colorIntensity":6,"alpha":0.2111549973487854,"size":11.08492374420166,"drag":0.29535406827926638,"velocityDrag":0.20400001108646394,"noisyDrag":0.0,"noisyDragFrequency":0.0,"staticParticle":false,"stationaryTransparent":true,"stationaryMaxSpeed":1.033815622329712,"emitterShapeIndex":1,"emitterPlacementMode":0,"emitterPositionX":0.0,"emitterPositionY":0.0,"emitterPositionZ":0.0,"emitterOrientationX":0.0,"emitterOrientationY":0.0,"emitterOrientationZ":0.0,"emitterSize":12.021698951721192,"emitterSizeOffset":0.0,"emitFromInside":false,"activateCollision":false,"showMesh":false},{"orbGroupId":3,"name":"OrbGroup3","orbCount":1,"rate":26000.021484375,"life":21.02503776550293,"colorR":0.999994695186615,"colorG":0.999994695186615,"colorB":0.999994695186615,"colorIntensity":6,"alpha":0.021197203546762468,"size":0.294117271900177,"drag":2.799999952316284,"velocityDrag":0.6039999723434448,"noisyDrag":0.0,"noisyDragFrequency":1.940000057220459,"staticParticle":false,"stationaryTransparent":false,"stationaryMaxSpeed":0.6470803022384644,"emitterShapeIndex":1,"emitterPlacementMode":0,"emitterPositionX":0.0,"emitterPositionY":0.0,"emitterPositionZ":0.0,"emitterOrientationX":90.0,"emitterOrientationY":0.0,"emitterOrientationZ":0.0,"emitterSize":10.24294376373291,"emitterSizeOffset":0.14800000190734864,"emitFromInside":false,"activateCollision":false,"showMesh":false},{"orbGroupId":4,"name":"OrbGroup4","orbCount":0,"rate":0.0,"life":3.299999952316284,"colorR":0.9999918937683106,"colorG":0.6941095590591431,"colorB":9.80908925027372e-45,"colorIntensity":6,"alpha":0.0,"size":11.273324012756348,"drag":10.0,"velocityDrag":0.6039999723434448,"noisyDrag":20.0,"noisyDragFrequency":1.6200000047683716,"staticParticle":true,"stationaryTransparent":false,"stationaryMaxSpeed":0.0,"emitterShapeIndex":7,"emitterPlacementMode":0,"emitterPositionX":0.0,"emitterPositionY":0.0,"emitterPositionZ":0.0,"emitterOrientationX":90.0,"emitterOrientationY":0.0,"emitterOrientationZ":0.0,"emitterSize":1.5,"emitterSizeOffset":0.0,"emitFromInside":false,"activateCollision":false,"showMesh":false}],"orbGroupControllersData":[{"idControlled":3,"name":"Orb A","colorSmooth":0.055555570870637897},{"idControlled":4,"name":"Orb B","colorSmooth":0.03653835505247116}],"balletMngrData":{"orbsPatternData":[{"id":0,"dancerCount":5,"patternType":0,"position":{"x":0.0,"y":0.0,"z":0.0},"rotation":{"x":0.0,"y":0.0,"z":0.0},"size":1.851851463317871,"speed":0.0,"lerpDuration":7.142857551574707,"phase":0.0,"sizeLFOFrequency":0.0,"sizeLFOAmplitude":0.0,"verticalOffset":0.0,"LFOFrequency":0.0,"noiseAmplitude":0.0,"noiseSpeed":0.0},{"id":1,"dancerCount":1,"patternType":0,"position":{"x":-0.5,"y":-0.5,"z":2.3999993801116945},"rotation":{"x":0.0,"y":0.0,"z":0.0},"size":1.0,"speed":10.44444465637207,"lerpDuration":6.581428527832031,"phase":0.0,"sizeLFOFrequency":0.0,"sizeLFOAmplitude":0.0,"verticalOffset":0.0,"LFOFrequency":0.0,"noiseAmplitude":0.0,"noiseSpeed":0.0},{"id":2,"dancerCount":1,"patternType":0,"position":{"x":0.0,"y":7.499996185302734,"z":0.0},"rotation":{"x":0.0,"y":0.0,"z":0.0},"size":1.0,"speed":1.0,"lerpDuration":0.009999999776482582,"phase":0.0,"sizeLFOFrequency":0.0,"sizeLFOAmplitude":0.0,"verticalOffset":0.0,"LFOFrequency":0.0,"noiseAmplitude":0.0,"noiseSpeed":0.0},{"id":3,"dancerCount":1,"patternType":0,"position":{"x":0.0,"y":0.0,"z":0.0},"rotation":{"x":90.0,"y":0.0,"z":90.0},"size":0.29629629850387576,"speed":1.0,"lerpDuration":13.152856826782227,"phase":0.0,"sizeLFOFrequency":0.0,"sizeLFOAmplitude":0.0,"verticalOffset":0.0,"LFOFrequency":0.0,"noiseAmplitude":0.0,"noiseSpeed":0.0},{"id":4,"dancerCount":0,"patternType":0,"position":{"x":0.0,"y":0.0,"z":0.6000003218650818},"rotation":{"x":0.0,"y":0.0,"z":0.0},"size":1.0,"speed":7.333333492279053,"lerpDuration":13.152856826782227,"phase":0.0,"sizeLFOFrequency":0.0,"sizeLFOAmplitude":0.0,"verticalOffset":0.0,"LFOFrequency":0.0,"noiseAmplitude":0.0,"noiseSpeed":0.0}],"forcePatternData":[{"id":0,"dancerCount":1,"patternType":1,"position":{"x":0.0,"y":0.0,"z":0.0},"rotation":{"x":90.0,"y":0.0,"z":0.0},"size":3.0,"speed":8.399999618530274,"lerpDuration":0.009999999776482582,"phase":0.0,"sizeLFOFrequency":0.0,"sizeLFOAmplitude":0.0,"verticalOffset":0.0,"LFOFrequency":0.0,"noiseAmplitude":0.0,"noiseSpeed":0.0},{"id":1,"dancerCount":1,"patternType":0,"position":{"x":0.0,"y":0.0,"z":0.0},"rotation":{"x":90.0,"y":0.0,"z":0.0},"size":1.9999998807907105,"speed":2.1999998092651369,"lerpDuration":5.866666793823242,"phase":0.0,"sizeLFOFrequency":0.21333333849906922,"sizeLFOAmplitude":0.0,"verticalOffset":0.0,"LFOFrequency":0.0,"noiseAmplitude":0.0,"noiseSpeed":0.0},{"id":2,"dancerCount":1,"patternType":1,"position":{"x":0.0,"y":0.0,"z":0.0},"rotation":{"x":0.0,"y":0.0,"z":0.0},"size":1.0,"speed":1.0,"lerpDuration":3.6100001335144045,"phase":0.0,"sizeLFOFrequency":0.0,"sizeLFOAmplitude":0.0,"verticalOffset":0.0,"LFOFrequency":0.0,"noiseAmplitude":0.0,"noiseSpeed":0.0},{"id":3,"dancerCount":1,"patternType":0,"position":{"x":0.0,"y":0.0,"z":0.0},"rotation":{"x":0.0,"y":0.0,"z":0.0},"size":1.7999999523162842,"speed":0.0,"lerpDuration":0.009999999776482582,"phase":0.0,"sizeLFOFrequency":0.0,"sizeLFOAmplitude":2.140000104904175,"verticalOffset":0.0,"LFOFrequency":0.0,"noiseAmplitude":0.0,"noiseSpeed":0.0},{"id":4,"dancerCount":1,"patternType":1,"position":{"x":0.0,"y":0.0,"z":0.0},"rotation":{"x":0.0,"y":0.0,"z":0.0},"size":1.0,"speed":1.0,"lerpDuration":4.409999847412109,"phase":0.0,"sizeLFOFrequency":0.0,"sizeLFOAmplitude":0.0,"verticalOffset":0.0,"LFOFrequency":0.0,"noiseAmplitude":0.0,"noiseSpeed":0.0},{"id":5,"dancerCount":1,"patternType":1,"position":{"x":0.0,"y":0.0,"z":0.0},"rotation":{"x":0.0,"y":0.0,"z":0.0},"size":1.600000023841858,"speed":1.0,"lerpDuration":2.2766666412353517,"phase":0.0,"sizeLFOFrequency":0.0,"sizeLFOAmplitude":0.0,"verticalOffset":0.0,"LFOFrequency":0.0,"noiseAmplitude":0.0,"noiseSpeed":0.0},{"id":6,"dancerCount":1,"patternType":0,"position":{"x":0.0,"y":0.0,"z":0.0},"rotation":{"x":90.0,"y":0.0,"z":0.0},"size":1.7333331108093262,"speed":4.399999618530273,"lerpDuration":4.809999942779541,"phase":0.0,"sizeLFOFrequency":0.0,"sizeLFOAmplitude":2.390000104904175,"verticalOffset":0.0,"LFOFrequency":0.0,"noiseAmplitude":0.0,