{"orbCount":2,"orbGroupData":[{"orbGroupId":0,"name":"OrbGroup0","orbCount":1,"rate":0.0,"life":10.625815391540528,"colorR":2.2420775429197073e-44,"colorG":0.6000009775161743,"colorB":0.9999997615814209,"colorIntensity":2,"alpha":0.28763100504875185,"size":16.243392944335939,"drag":1.6058194637298585,"velocityDrag":0.0560000017285347,"noisyDrag":0.018429502844810487,"noisyDragFrequency":1.0600000619888306,"staticParticle":false,"stationaryTransparent":false,"stationaryMaxSpeed":0.25672343373298647,"emitterShapeIndex":1,"emitterPlacementMode":0,"emitterPositionX":0.0,"emitterPositionY":0.0,"emitterPositionZ":0.0,"emitterOrientationX":0.0,"emitterOrientationY":0.0,"emitterOrientationZ":0.0,"emitterSize":5.5,"emitterSizeOffset":0.21599999070167542,"emitFromInside":true,"activateCollision":false,"showMesh":false},{"orbGroupId":1,"name":"OrbGroup1","orbCount":1,"rate":22999.669921875,"life":10.625815391540528,"colorR":0.9999986886978149,"colorG":0.6705869436264038,"colorB":3.0828566215145976e-44,"colorIntensity":2,"alpha":0.28763100504875185,"size":14.984244346618653,"drag":1.6058194637298585,"velocityDrag":0.5640000104904175,"noisyDrag":0.018429502844810487,"noisyDragFrequency":0.7400000095367432,"staticParticle":false,"stationaryTransparent":true,"stationaryMaxSpeed":0.0,"emitterShapeIndex":1,"emitterPlacementMode":0,"emitterPositionX":0.0,"emitterPositionY":0.0,"emitterPositionZ":0.0,"emitterOrientationX":90.0,"emitterOrientationY":0.0,"emitterOrientationZ":0.0,"emitterSize":5.5,"emitterSizeOffset":0.19200000166893006,"emitFromInside":true,"activateCollision":false,"showMesh":false}],"orbGroupControllersData":[{"idControlled":1,"name":"Orb A","colorSmooth":0.2222222238779068},{"idControlled":0,"name":"Orb B","colorSmooth":0.31111106276512148}],"balletMngrData":{"orbsPatternData":[{"id":0,"dancerCount":1,"patternType":0,"position":{"x":0.0,"y":-0.5,"z":0.0},"rotation":{"x":0.0,"y":0.0,"z":0.0},"size":3.1988472938537599,"speed":1.0368140935897828,"lerpDuration":0.009999999776482582,"phase":0.0,"sizeLFOFrequency":0.17142857611179353,"sizeLFOAmplitude":0.0,"verticalOffset":0.0,"LFOFrequency":0.0,"noiseAmplitude":0.0,"noiseSpeed":0.0},{"id":1,"dancerCount":1,"patternType":0,"position":{"x":0.0,"y":0.0,"z":0.0},"rotation":{"x":0.0,"y":11.10000228881836,"z":90.0},"size":3.2919435501098635,"speed":0.0,"lerpDuration":0.009999999776482582,"phase":0.0,"sizeLFOFrequency":0.17142857611179353,"sizeLFOAmplitude":0.0,"verticalOffset":0.0,"LFOFrequency":0.0,"noiseAmplitude":0.0,"noiseSpeed":0.0}],"forcePatternData":[{"id":0,"dancerCount":1,"patternType":1,"position":{"x":0.0,"y":0.0,"z":0.0},"rotation":{"x":90.0,"y":0.0,"z":0.0},"size":2.2554781436920168,"speed":1.0,"lerpDuration":0.009999999776482582,"phase":0.0,"sizeLFOFrequency":0.0,"sizeLFOAmplitude":0.0,"verticalOffset":0.0,"LFOFrequency":0.0,"noiseAmplitude":0.0,"noiseSpeed":0.0},{"id":1,"dancerCount":1,"patternType":1,"position":{"x":0.20000001788139344,"y":0.0,"z":0.0},"rotation":{"x":90.0,"y":0.0,"z":0.0},"size":2.2666664123535158,"speed":1.399999737739563,"lerpDuration":6.266667366027832,"phase":0.0,"sizeLFOFrequency":0.0,"sizeLFOAmplitude":0.0,"verticalOffset":0.0,"LFOFrequency":0.0,"noiseAmplitude":0.0,"noiseSpeed":0.0},{"id":2,"dancerCount":1,"patternType":1,"position":{"x":0.0,"y":0.0,"z":0.0},"rotation":{"x":0.0,"y":0.0,"z":0.0},"size":1.0,"speed":1.0,"lerpDuration":3.6100001335144045,"phase":0.0,"sizeLFOFrequency":0.0,"sizeLFOAmplitude":0.0,"verticalOffset":0.0,"LFOFrequency":0.0,"noiseAmplitude":0.0,"noiseSpeed":0.0},{"id":3,"dancerCount":1,"patternType":1,"position":{"x":-0.24115319550037385,"y":0.3235541880130768,"z":0.0},"rotation":{"x":0.0,"y":0.0,"z":0.0},"size":2.133333921432495,"speed":0.0,"lerpDuration":1.8666666746139527,"phase":0.0,"sizeLFOFrequency":0.0,"sizeLFOAmplitude":0.0,"verticalOffset":0.0,"LFOFrequency":0.0,"noiseAmplitude":0.0,"noiseSpeed":0.0},{"id":4,"dancerCount":1,"patternType":1,"position":{"x":0.0,"y":0.0,"z":0.0},"rotation":{"x":0.0,"y":0.0,"z":0.0},"size":1.8666666746139527,"speed":1.8000000715255738,"lerpDuration":4.409999847412109,"phase":0.0,"sizeLFOFrequency":0.0,"sizeLFOAmplitude":0.0,"verticalOffset":0.0,"LFOFrequency":0.0,"noiseAmplitude":0.0,"noiseSpeed":0.0},{"id":5,"dancerCount":1,"patternType":1,"position":{"x":1.3365000486373902,"y":-0.9507948160171509,"z":0.0},"rotation":{"x":0.0,"y":0.0,"z":0.0},"size":1.0,"speed":1.0,"lerpDuration":2.2766666412353517,"phase":0.0,"sizeLFOFrequency":0.0,"sizeLFOAmplitude":0.0,"verticalOffset":0.0,"LFOFrequency":0.0,"noiseAmplitude":0.0,"noiseSpeed":0.0},{"id":6,"dancerCount":1,"patternType":0,"position":{"x":0.053859781473875049,"y":-0.8811172246932983,"z":0.0},"rotation":{"x":0.0,"y":0.0,"z":0.0},"size":3.986999988555908,"speed":2.6000001430511476,"lerpDuration":4.809999942779541,"phase":0.0,"sizeLFOFrequency":0.0,"sizeLFOAmplitude":0.0,"verticalOffset":0.0,"LFOFrequency":0.0,"noiseAmplitude":0.0,"noiseSpeed":0.0},{"id":7,"dancerCount":1,"patternType":1,"position":{"x":0.7223283052444458,"y":-1.0397039651870728,"z":0.0},"rotation":{"x":0.0,"y":0.0,"z":90.0},"size":2.200000047683716,"speed":1.399999976158142,"lerpDuration":4.799999713897705,"phase":0.0,"sizeLFOFrequency":0.0,"sizeLFOAmplitude":0.0,"verticalOffset":0.0,"LFOFrequency":0.0,"noiseAmplitude":0.0,"noiseSpeed":0.0},{"id":8,"dancerCount":1,"patternType":1,"position":{"x":0.07200009375810623,"y":0.0,"z":0.0},"rotation":{"x":0.0,"y":0.0,"z":0.0},"size":1.0,"speed":1.0,"lerpDuration":0.009999999776482582,"phase":0.0,"sizeLFOFrequency":0.0,"sizeLFOAmplitude":0.0,"verticalOffset":0.0,"LFOFrequency":0.0,"noiseAmplitude":0.0,"noiseSpeed":0.0}]},"forceControllerData":[{"forceID":0,"key":"Turb","forceCount":1,"intensity":7.789999961853027,"radius":1.6054651737213135,"axis":{"x":0.0,"y":1.0,"z":0.0}},{"forceID":0,"key":"Vortex","forceCount":1,"intensity":0.0,"radius":1.2305495738983155,"axis":{"x":0.6000000238418579,"y":0.0,"z":0.0}},{"forceID":0,"key":"Gravity","forceCount":1,"intensity":-0.0000777345267124474,"radius":15.0,"axis":{"x":0.0,"y":0.0,"z":0.5}},{"forceID":0,"key":"Perlin","forceCount":1,"intensity":0.0,"radius":15.0,"axis":{"x":0.0,"y":0.0,"z":0.0}},{"forceID":0,"key":"Attractor","forceCount":1,"intensity":0.0,"radius":15.0,"axis":{"x":0.0,"y":0.0,"z":0.0}},{"forceID":0,"key":"Spiral","forceCount":1,"intensity":0.0,"radius":0.0,"axis":{"x":0.0,"y":-1.100000023841858,"z":0.0}},{"forceID":0,"key":"Swirl","forceCount":1,"intensity":0.000012042066373396665,"radius":2.7663633823394777,"axis":{"x":0.0,"y":0.0,"z":1.2000001668930054}},{"forceID":0,"key":"Axial","forceCount":1,"intensity":0.0,"radius":6.242222785949707,"axis":{"x":1.6000001430511475,"y":0.9000000953674316,"z":0.9000000953674316}},{"forceID":0,"key":"Tornado","forceCount":1,"intensity":0.000010245588782709092,"radius":0.0,"axis":{"x":0.0,"y":1.0000001192092896,"z":0.0}}],"cameraControllerData":{"renderMainWindow":true,"fov":39.82857894897461,"followZOffset":4.999976634979248,"resetDuration":23.999977111816408,"cameraType":0,"showXWing":false,"cameraTransitionDuration":14.333333015441895,"cameraNoiseGain":0.0,"cameraNoiseFrequency":4.685039520263672},"orbitalMovementData":{"positionTarget":{"x":-0.4444446563720703,"y":-1.752577304840088,"z":0.0},"moveToDuration":39.83299255371094},"spaceshipMovementData":{"thrust":31.666645050048829,"yawTorque":30.000003814697267,"pitchTorque":30.00000762939453,"rollTorque":30.000003814697267,"directionnalDrag":0.8750000596046448,"angularDrag":1.5,"manualControl":true,"cameraPosition":{"x":0.6225860118865967,"y":1.1554614305496216,"z":1.316949486732483},"cameraRotation":{"x":50.07429504394531,"y":186.555419921875,"z":104.83849334716797}}}