{"orbCount":5,"orbGroupData":[{"orbGroupId":0,"name":"OrbGroup0","orbCount":5,"rate":2.751264921333434e-16,"life":1.1999975442886353,"colorR":0.9999993443489075,"colorG":0.9999993443489075,"colorB":0.9999993443489075,"colorIntensity":4,"alpha":0.16584058105945588,"size":17.879833221435548,"drag":1.3132145404815674,"velocityDrag":0.5539999604225159,"noisyDrag":0.0,"noisyDragFrequency":0.5999999642372131,"staticParticle":false,"stationaryTransparent":false,"stationaryMaxSpeed":0.0,"emitterShapeIndex":10,"emitterPlacementMode":0,"emitterPositionX":0.0,"emitterPositionY":0.0,"emitterPositionZ":0.0,"emitterOrientationX":0.0,"emitterOrientationY":0.0,"emitterOrientationZ":0.0,"emitterSize":0.7500002980232239,"emitterSizeOffset":0.0,"emitFromInside":false,"activateCollision":false,"showMesh":false},{"orbGroupId":1,"name":"OrbGroup1","orbCount":1,"rate":0.0,"life":29.57586097717285,"colorR":0.9999995827674866,"colorG":0.9999995827674866,"colorB":0.9999995827674866,"colorIntensity":6,"alpha":0.0010856285225600005,"size":14.187621116638184,"drag":1.3132145404815674,"velocityDrag":0.8189999461174011,"noisyDrag":0.0,"noisyDragFrequency":0.9000000357627869,"staticParticle":false,"stationaryTransparent":true,"stationaryMaxSpeed":0.0,"emitterShapeIndex":1,"emitterPlacementMode":0,"emitterPositionX":0.0,"emitterPositionY":0.0,"emitterPositionZ":0.0,"emitterOrientationX":0.0,"emitterOrientationY":0.0,"emitterOrientationZ":0.0,"emitterSize":0.5663551688194275,"emitterSizeOffset":0.0,"emitFromInside":false,"activateCollision":false,"showMesh":false},{"orbGroupId":2,"name":"OrbGroup2","orbCount":1,"rate":0.0,"life":12.300000190734864,"colorR":0.9999995827674866,"colorG":0.9999995827674866,"colorB":0.9999995827674866,"colorIntensity":6,"alpha":0.21833333373069764,"size":9.066665649414063,"drag":0.25,"velocityDrag":0.20400001108646394,"noisyDrag":0.0,"noisyDragFrequency":0.0,"staticParticle":false,"stationaryTransparent":true,"stationaryMaxSpeed":1.0499999523162842,"emitterShapeIndex":1,"emitterPlacementMode":0,"emitterPositionX":0.0,"emitterPositionY":0.0,"emitterPositionZ":0.0,"emitterOrientationX":0.0,"emitterOrientationY":0.0,"emitterOrientationZ":0.0,"emitterSize":12.09999942779541,"emitterSizeOffset":0.0,"emitFromInside":false,"activateCollision":false,"showMesh":false},{"orbGroupId":3,"name":"OrbGroup3","orbCount":2,"rate":108000.0078125,"life":24.600000381469728,"colorR":1.0,"colorG":1.0,"colorB":1.0,"colorIntensity":6,"alpha":0.04833334684371948,"size":4.6666669845581059,"drag":2.799999952316284,"velocityDrag":0.30400002002716067,"noisyDrag":0.0,"noisyDragFrequency":1.880000114440918,"staticParticle":false,"stationaryTransparent":true,"stationaryMaxSpeed":0.6470803022384644,"emitterShapeIndex":1,"emitterPlacementMode":0,"emitterPositionX":0.0,"emitterPositionY":0.0,"emitterPositionZ":0.0,"emitterOrientationX":90.0,"emitterOrientationY":0.0,"emitterOrientationZ":0.0,"emitterSize":10.24294376373291,"emitterSizeOffset":0.0,"emitFromInside":false,"activateCollision":false,"showMesh":false},{"orbGroupId":4,"name":"OrbGroup4","orbCount":1,"rate":11999.9990234375,"life":3.299999952316284,"colorR":0.9999995827674866,"colorG":0.7725494503974915,"colorB":9.80908925027372e-45,"colorIntensity":6,"alpha":0.020000018179416658,"size":34.0,"drag":10.0,"velocityDrag":0.7360000014305115,"noisyDrag":20.0,"noisyDragFrequency":1.0399999618530274,"staticParticle":true,"stationaryTransparent":false,"stationaryMaxSpeed":0.0,"emitterShapeIndex":7,"emitterPlacementMode":0,"emitterPositionX":0.0,"emitterPositionY":0.0,"emitterPositionZ":0.0,"emitterOrientationX":90.0,"emitterOrientationY":0.0,"emitterOrientationZ":0.0,"emitterSize":1.950000286102295,"emitterSizeOffset":0.0,"emitFromInside":false,"activateCollision":false,"showMesh":false}],"orbGroupControllersData":[{"idControlled":3,"name":"Orb A","colorSmooth":0.08333306759595871},{"idControlled":4,"name":"Orb B","colorSmooth":0.7032051682472229}],"balletMngrData":{"orbsPatternData":[{"id":0,"dancerCount":5,"patternType":0,"position":{"x":0.0,"y":0.0,"z":0.0},"rotation":{"x":0.0,"y":0.0,"z":0.0},"size":1.851851463317871,"speed":0.0,"lerpDuration":7.142857551574707,"phase":0.0,"sizeLFOFrequency":0.0,"sizeLFOAmplitude":0.0,"verticalOffset":0.0,"LFOFrequency":0.0,"noiseAmplitude":0.0,"noiseSpeed":0.0},{"id":1,"dancerCount":1,"patternType":0,"position":{"x":-0.5,"y":-0.5,"z":2.3999993801116945},"rotation":{"x":0.0,"y":0.0,"z":0.0},"size":1.0,"speed":10.44444465637207,"lerpDuration":6.581428527832031,"phase":0.0,"sizeLFOFrequency":0.0,"sizeLFOAmplitude":0.0,"verticalOffset":0.0,"LFOFrequency":0.0,"noiseAmplitude":0.0,"noiseSpeed":0.0},{"id":2,"dancerCount":1,"patternType":0,"position":{"x":0.0,"y":7.499996185302734,"z":0.0},"rotation":{"x":0.0,"y":0.0,"z":0.0},"size":1.0,"speed":1.0,"lerpDuration":0.009999999776482582,"phase":0.0,"sizeLFOFrequency":0.0,"sizeLFOAmplitude":0.0,"verticalOffset":0.0,"LFOFrequency":0.0,"noiseAmplitude":0.0,"noiseSpeed":0.0},{"id":3,"dancerCount":2,"patternType":0,"position":{"x":0.0,"y":0.0,"z":0.0},"rotation":{"x":0.0,"y":0.0,"z":0.0},"size":1.0,"speed":1.0,"lerpDuration":0.009999999776482582,"phase":0.0,"sizeLFOFrequency":0.0,"sizeLFOAmplitude":0.0,"verticalOffset":0.0,"LFOFrequency":0.0,"noiseAmplitude":0.0,"noiseSpeed":0.0},{"id":4,"dancerCount":1,"patternType":1,"position":{"x":0.0,"y":0.0,"z":0.6460021138191223},"rotation":{"x":0.0,"y":0.0,"z":0.0},"size":1.0,"speed":1.0,"lerpDuration":0.009999999776482582,"phase":0.0,"sizeLFOFrequency":0.0,"sizeLFOAmplitude":0.0,"verticalOffset":0.0,"LFOFrequency":0.0,"noiseAmplitude":0.0,"noiseSpeed":0.0}],"forcePatternData":[{"id":0,"dancerCount":1,"patternType":1,"position":{"x":0.0,"y":0.0,"z":0.0},"rotation":{"x":90.0,"y":0.0,"z":0.0},"size":3.0,"speed":8.399999618530274,"lerpDuration":0.009999999776482582,"phase":0.0,"sizeLFOFrequency":0.0,"sizeLFOAmplitude":0.0,"verticalOffset":0.0,"LFOFrequency":0.0,"noiseAmplitude":0.0,"noiseSpeed":0.0},{"id":1,"dancerCount":1,"patternType":0,"position":{"x":0.0,"y":0.0,"z":0.0},"rotation":{"x":0.0,"y":0.0,"z":0.0},"size":2.066666603088379,"speed":3.6000001430511476,"lerpDuration":6.800000190734863,"phase":0.0,"sizeLFOFrequency":0.21333333849906922,"sizeLFOAmplitude":0.0,"verticalOffset":0.0,"LFOFrequency":0.0,"noiseAmplitude":0.0,"noiseSpeed":0.0},{"id":2,"dancerCount":1,"patternType":1,"position":{"x":0.0,"y":0.0,"z":0.0},"rotation":{"x":0.0,"y":0.0,"z":0.0},"size":1.0,"speed":1.0,"lerpDuration":3.6100001335144045,"phase":0.0,"sizeLFOFrequency":0.0,"sizeLFOAmplitude":0.0,"verticalOffset":0.0,"LFOFrequency":0.0,"noiseAmplitude":0.0,"noiseSpeed":0.0},{"id":3,"dancerCount":1,"patternType":0,"position":{"x":0.0,"y":0.0,"z":0.0},"rotation":{"x":0.0,"y":0.0,"z":0.0},"size":1.7999999523162842,"speed":0.0,"lerpDuration":0.009999999776482582,"phase":0.0,"sizeLFOFrequency":0.0,"sizeLFOAmplitude":2.140000104904175,"verticalOffset":0.0,"LFOFrequency":0.0,"noiseAmplitude":0.0,"noiseSpeed":0.0},{"id":4,"dancerCount":1,"patternType":1,"position":{"x":0.0,"y":0.0,"z":0.0},"rotation":{"x":0.0,"y":0.0,"z":0.0},"size":1.0,"speed":1.0,"lerpDuration":4.409999847412109,"phase":0.0,"sizeLFOFrequency":0.0,"sizeLFOAmplitude":0.0,"verticalOffset":0.0,"LFOFrequency":0.0,"noiseAmplitude":0.0,"noiseSpeed":0.0},{"id":5,"dancerCount":1,"patternType":1,"position":{"x":0.0,"y":0.0,"z":0.0},"rotation":{"x":0.0,"y":0.0,"z":0.0},"size":1.600000023841858,"speed":1.0,"lerpDuration":2.2766666412353517,"phase":0.0,"sizeLFOFrequency":0.0,"sizeLFOAmplitude":0.0,"verticalOffset":0.0,"LFOFrequency":0.0,"noiseAmplitude":0.0,"noiseSpeed":0.0},{"id":6,"dancerCount":1,"patternType":0,"position":{"x":0.0,"y":0.0,"z":0.0},"rotation":{"x":0.0,"y":0.0,"z":0.0},"size":2.133333444595337,"speed":5.199999809265137,"lerpDuration":2.2766666412353517,"phase":0.0,"sizeLFOFrequency":0.0,"sizeLFOAmplitude":2.390000104904175,"verticalOffset":0.0,"LFOFrequency":0.0,"noiseAmplitude":0.0,"noiseSpeed":0.0},{"id":7,"dancerCount":1,"patternType":0,"position":{"x":0.0,"y":0.0,"z":0.0},